,consumer_id,consumer_password,first_name,second_name,bank_id,loc1,loc2
0,89638599,706194,Edward,Cechtelar,26726685,38,60
1,19192968,579696,Laura,Green,87701215,522,865
2,25405809,977123,Jerome,Jackson,19162872,157,192
3,71176715,191672,Christina,Miller,66199969,778,812
4,64005100,580375,Lisa,Wilson,72525242,213,441
5,74216849,406275,Douglas,Smith,65899077,976,774
6,31736489,700894,Jason,Miller,41982184,696,309
7,43193539,959318,Daniel,Patel,71466800,238,499
8,36738013,532763,Sonia,Thomas,87529570,869,640
9,22445605,884956,Raymond,Simpson,18059128,316,677
10,59009529,144981,Aaron,Smith,98791146,369,781
11,40048423,530259,Linda,Thompson,33911009,840,136
12,67575646,330581,Eric,Graham,52714473,537,782
13,32882854,443552,Mary,Bennett,89038738,861,488
14,95262602,752456,Andrew,Mason,75572563,423,520
15,85467584,928028,Mike,Thompson,76204839,937,481
16,11626987,132071,Abigail,Saunders,10479430,379,219
17,16666128,937792,Jason,Bell,64753085,960,78
18,71581681,271434,Gene,Simpson,48650478,306,466
19,73211923,882865,Michael,Patel,20292425,143,875
20,62875131,592217,John,Lloyd,13227021,203,2
21,13717820,294250,Abigail,Saunders,40790158,625,570
22,56929960,941785,Victoria,Robinson,94029871,702,633
23,79717481,320762,Michelle,Thompson,99966493,966,99
24,59814359,863919,Michael,Harris,97320680,931,77
25,16005512,969027,Gerald,Graham,86027154,361,53
26,44425538,421833,Julie,Lloyd,91165038,164,103
27,31312463,206971,Casey,Cechtelar,67650442,601,195
28,44230328,794925,Wendy,Thompson,33167190,694,458
29,17192651,291719,Brandi,Trump,91069609,695,370
30,46681081,453999,Jared,Thomas,26597824,874,393
31,52391427,478042,Joshua,Bell,13636933,789,951
32,65489418,198318,Whitney,Green,84815432,896,575
33,20994596,312465,William,Thompson,41636681,875,726
34,70040466,938536,Michelle,Rogers,94540232,958,76
35,43816855,570545,Jason,Harris,47192122,808,135
36,43640252,366456,Eric,Taylor,21881389,964,988
37,95599642,767455,Tammy,Miller,15365685,446,753
38,15418176,658314,Dan,Cechtelar,73578979,899,948
39,43214612,541082,John,Saunders,21145569,911,370
40,83798659,842607,Aaron,Taylor,26790448,71,130
41,60219895,178560,Cheryl,Saunders,52532412,731,550
42,80377008,633184,Julie,Evans,58777671,733,710
43,57444622,880973,David,Cechtelar,61216910,415,529
44,88218903,986696,William,Graham,73534997,493,139
45,86242276,790013,Steven,Smith,21964294,753,602
46,56880107,172433,John,Lloyd,42753335,182,608
47,76920681,562567,Philip,Wilson,50371615,147,542
48,60939453,387128,Brandy,Graham,81400229,992,434
49,25081879,475136,Brenda,Green,80522618,129,494
50,19531788,806735,Felicia,Evans,34654888,92,419
51,10262605,822560,David,Williams,93430792,965,75
52,53653246,822002,Jimmy,Wilson,33887125,925,856
53,89506836,856834,Kyle,Wilson,53507358,986,185
54,95699996,692992,Lorraine,Bell,14402947,751,117
55,19751620,708120,Catherine,Davies,24721511,516,929
56,45327269,210859,Joshua,Cechtelar,88076537,73,289
57,49700877,834671,William,Taylor,96482851,445,88
58,88949727,522786,Gavin,Williams,46328007,650,360
59,48434333,604988,Micheal,Wilson,43714725,481,937
60,87617653,357618,Erin,Brown,20711708,955,696
61,40844612,492238,Phillip,Cechtelar,27890210,948,183
62,49494730,768920,David,Smith,74745315,717,741
63,15705026,557029,Oscar,Brown,47973819,730,134
64,62780402,489747,Nicholas,Graham,44262423,46,292
65,36638453,427235,James,Saunders,34228490,427,761
66,59990178,184347,Bryce,Taylor,94077678,920,651
67,80050471,585490,Savannah,Green,38878062,782,591
68,13414062,410701,Tracy,Bennett,69023700,505,81
69,88669422,690777,Kevin,Marshall,90755762,874,460
70,49631572,253376,Elizabeth,Cechtelar,42926949,564,566
71,82240424,769872,Kayla,Robertson,21427608,813,76
72,64592881,311794,Michael,Bell,32419004,630,256
73,57054043,370656,Mackenzie,Miller,80555999,812,976
74,26055241,465719,Jeremy,Davies,46395210,339,90
75,78238935,964773,Gary,Rogers,86748617,712,114
76,93392434,640451,Amanda,Cechtelar,23894430,186,734
77,58514556,116267,Richard,Green,70774631,710,859
78,96531633,890470,Brian,Taylor,94158282,315,159
79,39705495,699151,Adam,Mason,48104207,723,899
80,13561354,441863,Christopher,Williams,62765061,443,89
81,60775374,483363,Benjamin,Miller,37296236,394,86
82,99715197,567195,Penny,Evans,20464386,32,57
83,51139198,157972,Erica,Trump,36055404,280,92
84,33872986,379004,Brandon,Williams,42399668,766,548
85,30484811,393192,Lori,Green,98488578,415,333
86,12128613,751240,David,Trump,93654847,703,748
87,67040991,435530,Timothy,Marshall,23158862,524,326
88,82990494,748959,Kathleen,Thompson,13783510,597,418
89,67397706,539522,Larry,Thomas,76678271,544,728
90,86230878,524573,John,Jackson,47652902,221,870
91,31805525,315871,Kristopher,Davies,12574943,811,391
92,55256343,163353,Jonathan,Thompson,21614843,462,109
93,23498695,962038,Mary,Patel,90737012,236,483
94,63859591,564129,David,Rogers,63662632,795,257
95,73840706,515855,Shelly,Robertson,80788475,418,325
96,12413237,853367,Kimberly,Graham,19829598,868,828
97,23398814,785072,Brian,Saunders,10565178,785,682
98,34673389,483332,Candice,Robertson,53498524,843,720
99,87803965,419110,Pamela,Lloyd,76958777,251,765
